date,maxtempC,avgtempC,uvIndex,precipMM,cloudcover,humidity,weatherDesc
2014-07-01,29.0,26.0,6.0,6.0,30.0,86.0,Moderate or heavy rain shower
2014-07-02,29.0,27.0,6.0,15.7,28.0,89.0,Moderate or heavy rain shower
2014-07-03,30.0,27.0,6.0,34.0,38.0,89.0,Torrential rain shower
2014-07-04,21.0,20.0,4.0,17.1,43.0,89.0,Moderate or heavy rain shower
2014-07-05,26.0,23.0,6.0,0.0,4.0,63.0,Sunny
2014-07-06,26.0,24.0,6.0,0.0,11.0,72.0,Partly cloudy
2014-07-07,29.0,26.0,7.0,0.7,17.0,79.0,Sunny
2014-07-08,30.0,27.0,7.0,0.5,12.0,76.0,Sunny
2014-07-09,28.0,26.0,6.0,5.1,9.0,80.0,Patchy rain possible
2014-07-10,28.0,25.0,6.0,3.3,11.0,77.0,Sunny
2014-07-11,28.0,24.0,5.0,2.1,23.0,75.0,Patchy rain possible
2014-07-12,27.0,25.0,6.0,0.0,24.0,79.0,Sunny
2014-07-13,27.0,24.0,5.0,5.2,44.0,87.0,Light rain shower
2014-07-14,29.0,26.0,6.0,43.5,53.0,89.0,Torrential rain shower
2014-07-15,28.0,25.0,6.0,57.6,58.0,92.0,Torrential rain shower
2014-07-16,28.0,25.0,5.0,9.4,41.0,78.0,Light rain shower
2014-07-17,26.0,23.0,5.0,0.3,17.0,68.0,Patchy rain possible
2014-07-18,30.0,25.0,6.0,0.0,6.0,64.0,Sunny
2014-07-19,24.0,22.0,5.0,0.0,48.0,68.0,Overcast
2014-07-20,25.0,23.0,5.0,0.4,28.0,75.0,Patchy rain possible
2014-07-21,27.0,25.0,5.0,0.7,10.0,79.0,Patchy rain possible
2014-07-22,24.0,22.0,6.0,0.0,12.0,87.0,Sunny
2014-07-23,29.0,26.0,6.0,8.5,24.0,85.0,Moderate or heavy rain shower
2014-07-24,26.0,24.0,6.0,0.1,31.0,76.0,Partly cloudy
2014-07-25,30.0,25.0,7.0,0.0,12.0,68.0,Sunny
2014-07-26,26.0,24.0,5.0,2.6,23.0,80.0,Patchy rain possible
2014-07-27,29.0,26.0,6.0,14.3,52.0,85.0,Moderate or heavy rain shower
2014-07-28,26.0,24.0,5.0,9.3,36.0,81.0,Moderate or heavy rain shower
2014-07-29,24.0,21.0,6.0,0.2,21.0,69.0,Partly cloudy
2014-07-30,25.0,23.0,6.0,0.0,16.0,67.0,Partly cloudy
2014-07-31,26.0,23.0,5.0,4.0,12.0,75.0,Patchy rain possible
2014-08-01,27.0,24.0,5.0,9.0,24.0,82.0,Light rain shower
2014-08-02,22.0,21.0,5.0,16.3,55.0,88.0,Heavy rain at times
2014-08-03,23.0,21.0,5.0,2.0,58.0,90.0,Patchy light rain
2014-08-04,28.0,25.0,5.0,4.1,35.0,84.0,Patchy rain possible
2014-08-05,30.0,26.0,7.0,0.0,11.0,74.0,Sunny
2014-08-06,27.0,24.0,5.0,0.8,13.0,74.0,Patchy rain possible
2014-08-07,26.0,23.0,5.0,0.6,10.0,65.0,Patchy rain possible
2014-08-08,29.0,25.0,6.0,0.0,10.0,64.0,Sunny
2014-08-09,29.0,25.0,6.0,0.0,20.0,67.0,Partly cloudy
2014-08-10,29.0,26.0,7.0,0.0,20.0,65.0,Sunny
2014-08-11,27.0,25.0,6.0,0.7,19.0,72.0,Patchy rain possible
2014-08-12,24.0,23.0,5.0,4.6,50.0,83.0,Light rain shower
2014-08-13,27.0,24.0,5.0,28.6,54.0,85.0,Moderate or heavy rain shower
2014-08-14,24.0,21.0,5.0,0.7,16.0,70.0,Patchy rain possible
2014-08-15,22.0,20.0,4.0,0.2,26.0,68.0,Cloudy
2014-08-16,25.0,22.0,6.0,0.0,17.0,67.0,Partly cloudy
2014-08-17,26.0,23.0,5.0,3.2,40.0,72.0,Light rain shower
2014-08-18,28.0,24.0,6.0,0.0,1.0,70.0,Sunny
2014-08-19,26.0,23.0,6.0,0.0,19.0,74.0,Partly cloudy
2014-08-20,26.0,23.0,5.0,0.3,47.0,74.0,Patchy light drizzle
2014-08-21,26.0,23.0,6.0,0.7,30.0,70.0,Partly cloudy
2014-08-22,23.0,21.0,5.0,5.3,67.0,86.0,Light rain shower
2014-08-23,23.0,21.0,5.0,0.5,57.0,79.0,Cloudy
2014-08-24,25.0,22.0,6.0,0.3,20.0,75.0,Partly cloudy
2014-08-25,30.0,26.0,7.0,0.0,3.0,71.0,Sunny
2014-08-26,29.0,26.0,7.0,0.0,4.0,74.0,Sunny
2014-08-27,30.0,27.0,7.0,1.0,8.0,77.0,Sunny
2014-08-28,26.0,23.0,6.0,0.9,6.0,71.0,Sunny
2014-08-29,28.0,23.0,6.0,0.0,6.0,69.0,Partly cloudy
2014-08-30,25.0,22.0,6.0,0.0,28.0,77.0,Partly cloudy
2014-08-31,28.0,26.0,6.0,29.0,51.0,86.0,Torrential rain shower
2014-09-01,29.0,26.0,6.0,14.8,24.0,85.0,Moderate or heavy rain shower
2014-09-02,30.0,28.0,6.0,14.6,17.0,81.0,Patchy rain possible
2014-09-03,31.0,26.0,7.0,4.8,11.0,72.0,Partly cloudy
2014-09-04,28.0,26.0,7.0,0.0,11.0,67.0,Partly cloudy
2014-09-05,28.0,26.0,6.0,2.6,27.0,87.0,Patchy rain possible
2014-09-06,30.0,27.0,6.0,19.2,33.0,87.0,Patchy light rain with thunder
2014-09-07,26.0,23.0,5.0,5.7,28.0,75.0,Patchy rain possible
2014-09-08,23.0,21.0,5.0,0.2,6.0,71.0,Patchy rain possible
2014-09-09,22.0,20.0,5.0,0.8,58.0,78.0,Light rain shower
2014-09-10,25.0,21.0,6.0,0.0,9.0,78.0,Sunny
2014-09-11,26.0,23.0,5.0,1.0,45.0,88.0,Light drizzle
2014-09-12,25.0,19.0,5.0,0.2,23.0,77.0,Sunny
2014-09-13,25.0,22.0,5.0,0.9,50.0,80.0,Moderate rain at times
2014-09-14,21.0,16.0,5.0,0.1,16.0,76.0,Partly cloudy
2014-09-15,24.0,18.0,5.0,0.0,12.0,69.0,Sunny
2014-09-16,22.0,18.0,4.0,2.2,36.0,79.0,Light rain shower
2014-09-17,25.0,21.0,6.0,0.0,1.0,62.0,Sunny
2014-09-18,23.0,20.0,6.0,0.0,22.0,63.0,Partly cloudy
2014-09-19,18.0,15.0,5.0,0.0,32.0,73.0,Partly cloudy
2014-09-20,22.0,20.0,5.0,0.0,47.0,81.0,Cloudy
2014-09-21,26.0,23.0,5.0,1.2,37.0,88.0,Light rain shower
2014-09-22,21.0,17.0,5.0,0.0,2.0,70.0,Sunny
2014-09-23,22.0,18.0,5.0,0.0,2.0,70.0,Sunny
2014-09-24,21.0,19.0,5.0,0.0,19.0,73.0,Partly cloudy
2014-09-25,15.0,15.0,3.0,9.0,85.0,89.0,Moderate rain at times
2014-09-26,27.0,21.0,6.0,0.0,4.0,74.0,Sunny
2014-09-27,30.0,24.0,6.0,0.0,0.0,78.0,Sunny
2014-09-28,26.0,24.0,6.0,0.0,12.0,75.0,Sunny
2014-09-29,25.0,22.0,5.0,0.1,51.0,68.0,Overcast
2014-09-30,21.0,19.0,4.0,1.7,53.0,82.0,Light rain shower
