date,count_American,count_Carmel,count_Diplo,count_Federal,count_Firstclass,count_Highclass,count_Prestige,count_Skyline,Total,maxtempC,avgtempC,uvIndex,precipMM,cloudcover,humidity,weatherDesc
2014-07-01,921,2871,1046,11,1744,1368,3345,1668,12974,29.0,26.0,6.0,6.0,30.0,86.0,Moderate or heavy rain shower
2014-07-02,1028,2965,1275,4,2228,1661,3533,1691,14385,29.0,27.0,6.0,15.7,28.0,89.0,Moderate or heavy rain shower
2014-07-03,1068,3361,1200,12,2121,1599,3649,1157,14167,30.0,27.0,6.0,34.0,38.0,89.0,Torrential rain shower
2014-07-04,1008,2174,1171,8,1459,1622,3401,337,11180,21.0,20.0,4.0,17.1,43.0,89.0,Moderate or heavy rain shower
2014-07-05,1214,1846,1371,3,1703,1898,4081,276,12392,26.0,23.0,6.0,0.0,4.0,63.0,Sunny
2014-07-06,1048,2480,1251,7,1501,1738,3545,401,11971,26.0,24.0,6.0,0.0,11.0,72.0,Partly cloudy
2014-07-07,893,3028,1009,9,1768,1457,3284,1330,12778,29.0,26.0,7.0,0.7,17.0,79.0,Sunny
2014-07-08,916,2706,1065,0,1815,1387,3171,1634,12694,30.0,27.0,7.0,0.5,12.0,76.0,Sunny
2014-07-09,841,2883,987,7,1827,1342,3176,1897,12960,28.0,26.0,6.0,5.1,9.0,80.0,Patchy rain possible
2014-07-10,823,3222,904,0,1746,1367,3081,2047,13190,28.0,25.0,6.0,3.3,11.0,77.0,Sunny
2014-07-11,1067,2906,1128,7,2085,1672,3758,1440,14063,28.0,24.0,5.0,2.1,23.0,75.0,Patchy rain possible
2014-07-12,1284,2182,1395,1,1972,1968,4128,511,13441,27.0,25.0,6.0,0.0,24.0,79.0,Sunny
2014-07-13,1060,2412,1249,1,1655,1750,3902,493,12522,27.0,24.0,5.0,5.2,44.0,87.0,Light rain shower
2014-07-14,900,3117,1080,3,1911,1636,3495,1734,13876,29.0,26.0,6.0,43.5,53.0,89.0,Torrential rain shower
2014-07-15,959,2991,1079,3,1903,1473,3355,2012,13775,28.0,25.0,6.0,57.6,58.0,92.0,Torrential rain shower
2014-07-16,907,3111,961,5,1800,1386,3059,2109,13338,28.0,25.0,5.0,9.4,41.0,78.0,Light rain shower
2014-07-17,944,3317,887,5,1811,1325,3206,1987,13482,26.0,23.0,5.0,0.3,17.0,68.0,Patchy rain possible
2014-07-18,1077,2960,1162,1,1916,1594,3639,1355,13704,30.0,25.0,6.0,0.0,6.0,64.0,Sunny
2014-07-19,1246,2138,1273,3,1866,1786,3959,475,12746,24.0,22.0,5.0,0.0,48.0,68.0,Overcast
2014-07-20,1122,2360,1225,4,1712,1797,3760,482,12462,25.0,23.0,5.0,0.4,28.0,75.0,Patchy rain possible
2014-07-21,839,3077,937,4,1781,1391,3020,1591,12640,27.0,25.0,5.0,0.7,10.0,79.0,Patchy rain possible
2014-07-22,778,2882,932,1,1873,1377,2892,1798,12533,24.0,22.0,6.0,0.0,12.0,87.0,Sunny
2014-07-23,893,3097,929,1,1926,1379,3041,2083,13349,29.0,26.0,6.0,8.5,24.0,85.0,Moderate or heavy rain shower
2014-07-24,850,3345,913,5,1740,1315,2892,1987,13047,26.0,24.0,6.0,0.1,31.0,76.0,Partly cloudy
2014-07-25,1084,3112,1115,3,2035,1646,3562,1449,14006,30.0,25.0,7.0,0.0,12.0,68.0,Sunny
2014-07-26,1188,2208,1324,4,1846,1785,3902,463,12720,26.0,24.0,5.0,2.6,23.0,80.0,Patchy rain possible
2014-07-27,1082,2320,1269,2,1675,1738,3882,525,12493,29.0,26.0,6.0,14.3,52.0,85.0,Moderate or heavy rain shower
2014-07-28,828,3056,961,2,1860,1457,3119,1651,12934,26.0,24.0,5.0,9.3,36.0,81.0,Moderate or heavy rain shower
2014-07-29,782,2835,872,3,1699,1400,2962,1837,12390,24.0,21.0,6.0,0.2,21.0,69.0,Partly cloudy
2014-07-30,825,2853,910,1,1744,1358,2923,1896,12510,25.0,23.0,6.0,0.0,16.0,67.0,Partly cloudy
2014-07-31,873,3287,929,3,1871,1457,3094,1961,13475,26.0,23.0,5.0,4.0,12.0,75.0,Patchy rain possible
2014-08-01,1213,2947,1218,3,2046,1937,3801,1359,14524,27.0,24.0,5.0,9.0,24.0,82.0,Light rain shower
2014-08-02,1328,2257,1343,8,1919,2005,4297,489,13646,22.0,21.0,5.0,16.3,55.0,88.0,Heavy rain at times
2014-08-03,1128,2401,1313,4,1666,1977,3896,481,12866,23.0,21.0,5.0,2.0,58.0,90.0,Patchy light rain
2014-08-04,884,3088,989,3,1807,1581,3300,1683,13335,28.0,25.0,5.0,4.1,35.0,84.0,Patchy rain possible
2014-08-05,895,2759,944,2,1721,1420,3204,1781,12726,30.0,26.0,7.0,0.0,11.0,74.0,Sunny
2014-08-06,871,2884,870,0,1794,1443,3038,1976,12876,27.0,24.0,5.0,0.8,13.0,74.0,Patchy rain possible
2014-08-07,911,3126,973,1,1787,1511,3234,1990,13533,26.0,23.0,5.0,0.6,10.0,65.0,Patchy rain possible
2014-08-08,1106,3040,1050,8,2046,1722,3771,1497,14240,29.0,25.0,6.0,0.0,10.0,64.0,Sunny
2014-08-09,1296,2249,1343,1,1808,1983,4162,441,13283,29.0,25.0,6.0,0.0,20.0,67.0,Partly cloudy
2014-08-10,1155,2399,1233,3,1771,1897,3961,492,12911,29.0,26.0,7.0,0.0,20.0,65.0,Sunny
2014-08-11,877,2924,964,1,1756,1486,3167,1597,12772,27.0,25.0,6.0,0.7,19.0,72.0,Patchy rain possible
2014-08-12,840,2677,905,1,1703,1455,3112,1900,12593,24.0,23.0,5.0,4.6,50.0,83.0,Light rain shower
2014-08-13,900,2927,1035,3,1908,1604,3463,1862,13702,27.0,24.0,5.0,28.6,54.0,85.0,Moderate or heavy rain shower
2014-08-14,886,3160,906,5,1801,1459,3153,1787,13157,24.0,21.0,5.0,0.7,16.0,70.0,Patchy rain possible
2014-08-15,1125,3028,1041,1,2006,1631,3627,1372,13831,22.0,20.0,4.0,0.2,26.0,68.0,Cloudy
2014-08-16,1293,2213,1323,6,2031,1821,4332,356,13375,25.0,22.0,6.0,0.0,17.0,67.0,Partly cloudy
2014-08-17,1112,2514,1248,1,1762,1857,3913,531,12938,26.0,23.0,5.0,3.2,40.0,72.0,Light rain shower
2014-08-18,884,2878,1000,0,1742,1382,3106,1453,12445,28.0,24.0,6.0,0.0,1.0,70.0,Sunny
2014-08-19,831,2567,824,1,1750,1360,2929,1628,11890,26.0,23.0,6.0,0.0,19.0,74.0,Partly cloudy
2014-08-20,837,2882,847,1,1680,1363,3160,1867,12637,26.0,23.0,5.0,0.3,47.0,74.0,Patchy light drizzle
2014-08-21,874,3119,939,3,1803,1465,3211,1846,13260,26.0,23.0,6.0,0.7,30.0,70.0,Partly cloudy
2014-08-22,1083,2973,1093,4,1952,1601,3749,1332,13787,23.0,21.0,5.0,5.3,67.0,86.0,Light rain shower
2014-08-23,1184,2143,1291,3,1760,1844,3963,506,12694,23.0,21.0,5.0,0.5,57.0,79.0,Cloudy
2014-08-24,1039,2315,1150,3,1495,1815,3851,473,12141,25.0,22.0,6.0,0.3,20.0,75.0,Partly cloudy
2014-08-25,795,2745,891,6,1762,1642,3096,1341,12278,30.0,26.0,7.0,0.0,3.0,71.0,Sunny
2014-08-26,785,2487,845,3,1603,1330,2781,1534,11368,29.0,26.0,7.0,0.0,4.0,74.0,Sunny
2014-08-27,823,2789,860,2,1720,1459,2988,1748,12389,30.0,27.0,7.0,1.0,8.0,77.0,Sunny
2014-08-28,895,3105,963,6,1732,1450,3056,1698,12905,26.0,23.0,6.0,0.9,6.0,71.0,Sunny
2014-08-29,1176,3001,1157,4,1900,1785,3765,1203,13991,28.0,23.0,6.0,0.0,6.0,69.0,Partly cloudy
2014-08-30,1265,2081,1282,5,1686,2034,4308,420,13081,25.0,22.0,6.0,0.0,28.0,77.0,Partly cloudy
2014-08-31,1192,1944,1314,1,1716,2065,4140,437,12809,28.0,26.0,6.0,29.0,51.0,86.0,Torrential rain shower
2014-09-01,830,2387,848,6,1211,1520,3033,437,10272,29.0,26.0,6.0,14.8,24.0,85.0,Moderate or heavy rain shower
2014-09-02,955,2967,991,4,1703,1565,3387,1746,13318,30.0,28.0,6.0,14.6,17.0,81.0,Patchy rain possible
2014-09-03,944,2794,1006,3,1852,1513,3269,1978,13359,31.0,26.0,7.0,4.8,11.0,72.0,Partly cloudy
2014-09-04,970,2914,912,2,1846,1652,3303,2121,13720,28.0,26.0,7.0,0.0,11.0,67.0,Partly cloudy
2014-09-05,1104,2871,1194,4,1914,1872,3874,1680,14513,28.0,26.0,6.0,2.6,27.0,87.0,Patchy rain possible
2014-09-06,1317,2152,1249,3,1798,2176,4192,585,13472,30.0,27.0,6.0,19.2,33.0,87.0,Patchy light rain with thunder
2014-09-07,1107,2426,1122,3,1645,2014,3705,680,12702,26.0,23.0,5.0,5.7,28.0,75.0,Patchy rain possible
2014-09-08,883,3050,934,3,1826,1569,3157,1961,13383,23.0,21.0,5.0,0.2,6.0,71.0,Patchy rain possible
2014-09-09,860,2780,810,4,1750,1472,3086,2106,12868,22.0,20.0,5.0,0.8,58.0,78.0,Light rain shower
2014-09-10,878,3006,865,1,1797,1413,2993,2219,13172,25.0,21.0,6.0,0.0,9.0,78.0,Sunny
2014-09-11,860,3237,939,2,1908,1465,3210,2128,13749,26.0,23.0,5.0,1.0,45.0,88.0,Light drizzle
2014-09-12,1096,3183,1113,1,2016,1883,3877,1731,14900,25.0,19.0,5.0,0.2,23.0,77.0,Sunny
2014-09-13,1440,2315,1440,3,2085,2375,4470,747,14875,25.0,22.0,5.0,0.9,50.0,80.0,Moderate rain at times
2014-09-14,1256,2600,1261,0,1815,2163,4211,754,14060,21.0,16.0,5.0,0.1,16.0,76.0,Partly cloudy
2014-09-15,858,3294,953,2,1851,1613,3214,1988,13773,24.0,18.0,5.0,0.0,12.0,69.0,Sunny
2014-09-16,873,3074,1025,0,1894,1676,3205,2230,13977,22.0,18.0,4.0,2.2,36.0,79.0,Light rain shower
2014-09-17,785,3137,935,2,1742,1532,3013,2181,13327,25.0,21.0,6.0,0.0,1.0,62.0,Sunny
2014-09-18,943,3507,983,3,1818,1616,3213,2204,14287,23.0,20.0,6.0,0.0,22.0,63.0,Partly cloudy
2014-09-19,1126,3256,1145,2,2072,1974,3895,1635,15105,18.0,15.0,5.0,0.0,32.0,73.0,Partly cloudy
2014-09-20,1206,2297,1192,1,1836,2150,4198,574,13454,22.0,20.0,5.0,0.0,47.0,81.0,Cloudy
2014-09-21,1130,2462,1273,0,1723,2118,3909,651,13266,26.0,23.0,5.0,1.2,37.0,88.0,Light rain shower
2014-09-22,812,3270,969,2,1817,1638,3110,1784,13402,21.0,17.0,5.0,0.0,2.0,70.0,Sunny
2014-09-23,768,2927,871,3,1771,1451,3025,1987,12803,22.0,18.0,5.0,0.0,2.0,70.0,Sunny
2014-09-24,841,3066,968,1,1764,1437,3077,1927,13081,21.0,19.0,5.0,0.0,19.0,73.0,Partly cloudy
2014-09-25,947,3159,984,1,1750,1565,3433,1725,13564,15.0,15.0,3.0,9.0,85.0,89.0,Moderate rain at times
2014-09-26,1101,2816,1055,1,1934,1801,3598,1477,13783,27.0,21.0,6.0,0.0,4.0,74.0,Sunny
2014-09-27,1291,2240,1301,2,1917,2072,4297,561,13681,30.0,24.0,6.0,0.0,0.0,78.0,Sunny
2014-09-28,1080,2559,1260,1,1831,2032,3985,633,13381,26.0,24.0,6.0,0.0,12.0,75.0,Sunny
2014-09-29,772,3225,972,0,1868,1558,3215,1846,13456,25.0,22.0,5.0,0.1,51.0,68.0,Overcast
2014-09-30,848,2824,1017,0,1789,1527,3137,2063,13205,21.0,19.0,4.0,1.7,53.0,82.0,Light rain shower
